,geo,Year,CPI,Immigrants,Population,Housing Index,GDP,emigration,unemployment,total_deaths,Exports,Imports,Immigrants_pcap,GDP_pcap,Emigrants_pcap,Deaths_pcap,Exports_pcap,Imports_pcap
0,Austria,2022,112.127273,121978.181818,9058627.090909,149.725818,415433.401818,71370.0,4.090909,91018.272727,167549.194545,174483.305455,0.013532,46016.93868,0.007913,0.01006,0.018552,0.019309
1,Austria,2023,113.806364,123574.181818,9119643.0,156.268,425193.085455,73216.454545,4.131818,92375.454545,171489.702727,178474.065455,0.013634,46853.780317,0.008078,0.010149,0.018888,0.019644
2,Austria,2024,115.485455,125170.181818,9180658.909091,162.810182,434952.769091,75062.909091,4.172727,93732.636364,175430.210909,182464.825455,0.013735,47690.621954,0.008243,0.010237,0.019225,0.01998
3,Austria,2025,117.164545,126766.181818,9241674.818182,169.352364,444712.452727,76909.363636,4.213636,95089.818182,179370.719091,186455.585455,0.013837,48527.463591,0.008408,0.010326,0.019562,0.020315
4,Austria,2026,118.843636,128362.181818,9302690.727273,175.894545,454472.136364,78755.818182,4.254545,96447.0,183311.227273,190446.345455,0.013938,49364.305228,0.008573,0.010414,0.019898,0.020651
5,Austria,2027,120.522727,129958.181818,9363706.636364,182.436727,464231.82,80602.272727,4.295455,97804.181818,187251.735455,194437.105455,0.01404,50201.146865,0.008738,0.010503,0.020235,0.020986
6,Belgium,2022,112.077818,134014.945455,11648225.436364,123.341818,506547.898182,87708.454545,3.401818,116996.163636,426723.356364,405521.349091,0.011493,43594.446141,0.007524,0.010048,0.036689,0.034854
7,Belgium,2023,113.619727,134177.845455,11702698.327273,126.194545,518892.746364,87135.045455,3.249091,118094.554545,435346.076364,413012.18,0.01145,44500.745727,0.007436,0.010098,0.037289,0.035359
8,Belgium,2024,115.161636,134340.745455,11757171.218182,129.047273,531237.594545,86561.636364,3.096364,119192.945455,443968.796364,420503.010909,0.011407,45407.045312,0.007348,0.010148,0.037888,0.035863
9,Belgium,2025,116.703545,134503.645455,11811644.109091,131.9,543582.442727,85988.227273,2.943636,120291.336364,452591.516364,427993.841818,0.011364,46313.344897,0.007259,0.010197,0.038487,0.036368
10,Belgium,2026,118.245455,134666.545455,11866117.0,134.752727,555927.290909,85414.818182,2.790909,121389.727273,461214.236364,435484.672727,0.01132,47219.644483,0.007171,0.010247,0.039087,0.036873
11,Belgium,2027,119.787364,134829.445455,11920589.890909,137.605455,568272.139091,84841.409091,2.638182,122488.118182,469836.956364,442975.503636,0.011277,48125.944068,0.007082,0.010297,0.039686,0.037378
12,Bulgaria,2022,106.628,42023.333333,6834838.133333,149.124667,69931.626667,28601.866667,1.993333,130482.133333,33606.246667,36753.04,0.006091,10166.174458,0.004148,0.019046,0.004887,0.005351
13,Bulgaria,2023,107.329455,44651.90303,6786822.212121,155.20697,73104.898788,29016.460606,1.386667,133471.521212,34973.946061,38060.216364,0.006489,10665.379673,0.004228,0.019583,0.005105,0.005564
14,Bulgaria,2024,108.030909,47280.472727,6738806.290909,161.289273,76278.170909,29431.054545,0.78,136460.909091,36341.645455,39367.392727,0.006886,11164.584888,0.004307,0.020119,0.005324,0.005778
15,Bulgaria,2025,108.732364,49909.042424,6690790.369697,167.371576,79451.44303,29845.648485,0.173333,139450.29697,37709.344848,40674.569091,0.007283,11663.790103,0.004386,0.020656,0.005542,0.005991
16,Bulgaria,2026,109.433818,52537.612121,6642774.448485,173.453879,82624.715152,30260.242424,-0.433333,142439.684848,39077.044242,41981.745455,0.007681,12162.995318,0.004466,0.021192,0.00576,0.006205
17,Bulgaria,2027,110.135273,55166.181818,6594758.527273,179.536182,85797.987273,30674.836364,-1.04,145429.072727,40444.743636,43288.921818,0.008078,12662.200533,0.004545,0.021729,0.005978,0.006418
18,Cyprus,2022,100.593818,25766.509091,892034.509091,104.121091,23740.085455,19499.145455,5.147273,6733.927273,3883.961818,9222.249091,0.028907,26619.650554,0.021909,0.007551,0.004387,0.010375
19,Cyprus,2023,100.630818,26784.745455,896276.7,104.032636,24302.611818,19840.881818,4.762727,6876.081818,4100.319091,9577.18,0.029956,27145.502085,0.022208,0.007679,0.004622,0.010742
20,Cyprus,2024,100.667818,27802.981818,900518.890909,103.944182,24865.138182,20182.618182,4.378182,7018.236364,4316.676364,9932.110909,0.031004,27671.353615,0.022508,0.007808,0.004857,0.01111
21,Cyprus,2025,100.704818,28821.218182,904761.081818,103.855727,25427.664545,20524.354545,3.993636,7160.390909,4533.033636,10287.041818,0.032053,28197.205146,0.022807,0.007936,0.005092,0.011477
22,Cyprus,2026,100.741818,29839.454545,909003.272727,103.767273,25990.190909,20866.090909,3.609091,7302.545455,4749.390909,10641.972727,0.033102,28723.056676,0.023106,0.008065,0.005327,0.011845
23,Cyprus,2027,100.778818,30857.690909,913245.463636,103.678818,26552.717273,21207.827273,3.224545,7444.7,4965.748182,10996.903636,0.034151,29248.908207,0.023406,0.008194,0.005562,0.012212
24,Czechia,2022,113.825455,87268.363636,10652270.654545,169.607273,238300.301818,33014.218182,0.758182,129008.236364,194867.710909,176960.225455,0.008209,22402.969892,0.003082,0.012124,0.018327,0.016645
25,Czechia,2023,115.600909,93157.681818,10666152.9,177.932727,246549.730909,32345.890909,0.411818,131499.154545,202312.985455,183866.978182,0.00876,23161.011895,0.003013,0.012346,0.019014,0.017283
26,Czechia,2024,117.376364,99047.0,10680035.145455,186.258182,254799.16,31677.563636,0.065455,133990.072727,209758.26,190773.730909,0.009311,23919.053899,0.002943,0.012568,0.019702,0.017921
27,Czechia,2025,119.151818,104936.318182,10693917.390909,194.583636,263048.589091,31009.236364,-0.280909,136480.990909,217203.534545,197680.483636,0.009862,24677.095902,0.002874,0.01279,0.020389,0.01856
28,Czechia,2026,120.927273,110825.636364,10707799.636364,202.909091,271298.018182,30340.909091,-0.627273,138971.909091,224648.809091,204587.236364,0.010413,25435.137906,0.002804,0.013013,0.021076,0.019198
29,Czechia,2027,122.702727,116714.954545,10721681.881818,211.234545,279547.447273,29672.581818,-0.973636,141462.827273,232094.083636,211493.989091,0.010964,26193.17991,0.002734,0.013235,0.021764,0.019836
30,Germany,2022,109.085455,1000876.327273,83999972.890909,150.549091,3698320.727273,644978.963636,1.970909,1012626.072727,1388495.983636,1163848.247273,0.011983,44142.808777,0.007734,0.01207,0.016567,0.013885
31,Germany,2023,110.343636,1022834.336364,84342742.827273,157.002727,3792488.272727,681967.972727,1.832727,1027516.509091,1418545.212727,1191954.153636,0.012214,45134.004196,0.008165,0.012204,0.016873,0.014177
32,Germany,2024,111.601818,1044792.345455,84685512.763636,163.456364,3886655.818182,718956.981818,1.694545,1042406.945455,1448594.441818,1220060.06,0.012445,46125.199615,0.008597,0.012339,0.017179,0.014469
33,Germany,2025,112.86,1066750.354545,85028282.7,169.91,3980823.363636,755945.990909,1.556364,1057297.381818,1478643.670909,1248165.966364,0.012677,47116.395034,0.009029,0.012473,0.017485,0.014761
34,Germany,2026,114.118182,1088708.363636,85371052.636364,176.363636,4074990.909091,792935.0,1.418182,1072187.818182,1508692.9,1276271.872727,0.012908,48107.590454,0.009461,0.012608,0.017791,0.015053
35,Germany,2027,115.376364,1110666.372727,85713822.572727,182.817273,4169158.454545,829924.009091,1.28,1087078.254545,1538742.129091,1304377.779091,0.01314,49098.785873,0.009893,0.012742,0.018097,0.015345
36,Denmark,2022,104.64,66765.945455,5901406.563636,134.925273,337631.870909,59183.854545,3.107273,55956.945455,103296.521818,96832.236364,0.011344,57369.966341,0.010071,0.009482,0.017539,0.016456
37,Denmark,2023,105.293636,67224.390909,5932046.763636,139.709636,346266.482727,60693.209091,2.91,56369.8,105545.73,99522.118182,0.011369,58610.89755,0.01029,0.009504,0.017847,0.01685
38,Denmark,2024,105.947273,67682.836364,5962686.963636,144.494,354901.094545,62202.563636,2.712727,56782.654545,107794.938182,102212.0,0.011393,59851.82876,0.010509,0.009525,0.018155,0.017244
39,Denmark,2025,106.600909,68141.281818,5993327.163636,149.278364,363535.706364,63711.918182,2.515455,57195.509091,110044.146364,104901.881818,0.011418,61092.75997,0.010729,0.009547,0.018463,0.017638
40,Denmark,2026,107.254545,68599.727273,6023967.363636,154.062727,372170.318182,65221.272727,2.318182,57608.363636,112293.354545,107591.763636,0.011443,62333.691179,0.010948,0.009569,0.018771,0.018032
41,Denmark,2027,107.908182,69058.172727,6054607.563636,158.847091,380804.93,66730.627273,2.120909,58021.218182,114542.562727,110281.645455,0.011468,63574.622389,0.011168,0.00959,0.019079,0.018426
42,Estonia,2022,115.272909,23357.036364,1326688.618182,151.379636,31255.418182,14748.636364,3.065455,16802.581818,16080.936364,17810.950909,0.017613,23553.578684,0.011121,0.012663,0.012116,0.013421
43,Estonia,2023,117.265364,25223.345455,1327491.463636,158.992455,32642.713636,15521.136364,2.726364,16979.527273,16540.236364,18307.756364,0.019016,24589.110278,0.0117,0.012789,0.012456,0.013788
44,Estonia,2024,119.257818,27089.654545,1328294.309091,166.605273,34030.009091,16293.636364,2.387273,17156.472727,16999.536364,18804.561818,0.020419,25624.641873,0.012278,0.012915,0.012796,0.014156
45,Estonia,2025,121.250273,28955.963636,1329097.154545,174.218091,35417.304545,17066.136364,2.048182,17333.418182,17458.836364,19301.367273,0.021822,26660.173467,0.012857,0.013041,0.013136,0.014523
46,Estonia,2026,123.242727,30822.272727,1329900.0,181.830909,36804.6,17838.636364,1.709091,17510.363636,17918.136364,19798.172727,0.023225,27695.705062,0.013435,0.013166,0.013476,0.014891
47,Estonia,2027,125.235182,32688.581818,1330702.845455,189.443727,38191.895455,18611.136364,1.37,17687.309091,18377.436364,20294.978182,0.024629,28731.236656,0.014014,0.013292,0.013816,0.015258
48,Spain,2022,106.332182,652068.381818,47244572.218182,127.418545,1240111.763636,271319.018182,7.936364,463614.527273,317947.061818,343225.976364,0.013824,26260.230704,0.005733,0.009814,0.006734,0.007268
49,Spain,2023,107.118909,685874.627273,47317866.845455,129.842091,1260526.936364,254969.854545,7.122727,471141.190909,326754.691818,351370.898182,0.01453,26658.139826,0.005372,0.00996,0.006913,0.007432
50,Spain,2024,107.905636,719680.872727,47391161.472727,132.265636,1280942.109091,238620.690909,6.309091,478667.854545,335562.321818,359515.82,0.015236,27056.048947,0.005011,0.010106,0.007091,0.007596
51,Spain,2025,108.692364,753487.118182,47464456.1,134.689182,1301357.281818,222271.527273,5.495455,486194.518182,344369.951818,367660.741818,0.015943,27453.958068,0.00465,0.010252,0.00727,0.007759
52,Spain,2026,109.479091,787293.363636,47537750.727273,137.112727,1321772.454545,205922.363636,4.681818,493721.181818,353177.581818,375805.663636,0.016649,27851.86719,0.004289,0.010398,0.007449,0.007923
53,Spain,2027,110.265818,821099.609091,47611045.354545,139.536273,1342187.627273,189573.2,3.868182,501247.845455,361985.211818,383950.585455,0.017355,28249.776311,0.003928,0.010544,0.007628,0.008087
54,Finland,2022,106.662182,34558.0,5569076.4,108.267636,252737.236364,17128.581818,5.067273,56910.2,65510.267273,67231.2,0.006209,45445.203187,0.003082,0.010224,0.011771,0.012078
55,Finland,2023,107.658909,34972.5,5583718.436364,109.293,258076.2,17374.390909,5.020909,57490.536364,66588.298182,68236.077273,0.006269,46312.236054,0.00312,0.010304,0.011939,0.01223
56,Finland,2024,108.655636,35387.0,5598360.472727,110.318364,263415.163636,17620.2,4.974545,58070.872727,67666.329091,69240.954545,0.006329,47179.268922,0.003158,0.010384,0.012106,0.012383
57,Finland,2025,109.652364,35801.5,5613002.509091,111.343727,268754.127273,17866.009091,4.928182,58651.209091,68744.36,70245.831818,0.006389,48046.301789,0.003196,0.010464,0.012273,0.012535
58,Finland,2026,110.649091,36216.0,5627644.545455,112.369091,274093.090909,18111.818182,4.881818,59231.545455,69822.390909,71250.709091,0.006449,48913.334656,0.003234,0.010544,0.01244,0.012688
59,Finland,2027,111.645818,36630.5,5642286.581818,113.394455,279432.054545,18357.627273,4.835455,59811.881818,70900.421818,72255.586364,0.006509,49780.367524,0.003271,0.010624,0.012607,0.01284
60,France,2022,107.67,356152.509091,68172426.781818,116.939091,2503461.2,208418.654545,5.041818,666076.890909,493143.636364,578279.487273,0.00523,36774.113125,0.003049,0.009783,0.007241,0.008488
61,France,2023,108.686818,357476.154545,68432648.654545,118.570455,2545480.172727,199660.627273,4.901818,677207.781818,498749.65,585073.774545,0.00523,37273.272576,0.002903,0.009915,0.007298,0.008558
62,France,2024,109.703636,358799.8,68692870.527273,120.201818,2587499.145455,190902.6,4.761818,688338.672727,504355.663636,591868.061818,0.005231,37772.432028,0.002758,0.010046,0.007356,0.008628
63,France,2025,110.720455,360123.445455,68953092.4,121.833182,2629518.118182,182144.572727,4.621818,699469.563636,509961.677273,598662.349091,0.005231,38271.591479,0.002612,0.010178,0.007413,0.008698
64,France,2026,111.737273,361447.090909,69213314.272727,123.464545,2671537.090909,173386.545455,4.481818,710600.454545,515567.690909,605456.636364,0.005232,38770.75093,0.002467,0.01031,0.00747,0.008768
65,France,2027,112.754091,362770.736364,69473536.145455,125.095909,2713556.063636,164628.518182,4.341818,721731.345455,521173.704545,612250.923636,0.005232,39269.910381,0.002321,0.010442,0.007528,0.008838
66,Croatia,2022,105.583273,38514.890909,3965106.945455,128.808,56869.194545,49186.581818,3.412727,58143.745455,18010.203636,28195.178182,0.009593,14286.609598,0.012211,0.014635,0.004506,0.00706
67,Croatia,2023,106.410182,41709.281818,3933420.618182,131.558273,58172.584545,52395.436364,2.802727,58934.172727,18872.939091,29435.12,0.010405,14694.724015,0.013035,0.014928,0.004739,0.0074
68,Croatia,2024,107.237091,44903.672727,3901734.290909,134.308545,59475.974545,55604.290909,2.192727,59724.6,19735.674545,30675.061818,0.011217,15102.838431,0.01386,0.015222,0.004972,0.00774
69,Croatia,2025,108.064,48098.063636,3870047.963636,137.058818,60779.364545,58813.145455,1.582727,60515.027273,20598.41,31915.003636,0.01203,15510.952847,0.014684,0.015515,0.005205,0.008079
70,Croatia,2026,108.890909,51292.454545,3838361.636364,139.809091,62082.754545,62022.0,0.972727,61305.454545,21461.145455,33154.945455,0.012842,15919.067263,0.015508,0.015808,0.005438,0.008419
71,Croatia,2027,109.717818,54486.845455,3806675.309091,142.559364,63386.144545,65230.854545,0.362727,62095.881818,22323.880909,34394.887273,0.013654,16327.181679,0.016333,0.016101,0.005671,0.008759
72,Hungary,2022,116.525455,95411.672727,9686160.545455,200.404545,155562.594545,69902.654545,1.218182,143890.745455,119378.916364,118035.785455,0.009804,16023.015001,0.007184,0.014847,0.012298,0.012157
73,Hungary,2023,118.645455,101271.8,9662590.318182,212.687727,161165.243636,74414.263636,0.781818,145745.990909,123386.46,122597.952727,0.010414,16623.072199,0.007653,0.015069,0.012729,0.012643
74,Hungary,2024,120.765455,107131.927273,9639020.090909,224.970909,166767.892727,78925.872727,0.345455,147601.236364,127394.003636,127160.12,0.011024,17223.129397,0.008123,0.015291,0.01316,0.01313
75,Hungary,2025,122.885455,112992.054545,9615449.863636,237.254091,172370.541818,83437.481818,-0.090909,149456.481818,131401.547273,131722.287273,0.011633,17823.186595,0.008592,0.015513,0.013592,0.013617
76,Hungary,2026,125.005455,118852.181818,9591879.636364,249.537273,177973.190909,87949.090909,-0.527273,151311.727273,135409.090909,136284.454545,0.012243,18423.243793,0.009061,0.015735,0.014023,0.014103
77,Hungary,2027,127.125455,124712.309091,9568309.409091,261.820455,183575.84,92460.7,-0.963636,153166.972727,139416.634545,140846.621818,0.012853,19023.300991,0.00953,0.015957,0.014454,0.01459
78,Ireland,2022,102.865455,91409.4,5064093.236364,153.086727,437417.88,47917.509091,1.805455,33316.0,169932.607273,104834.907273,0.018206,87438.212451,0.009265,0.006583,0.033858,0.020913
79,Ireland,2023,103.29,93910.436364,5111956.427273,160.362545,464159.11,44844.563636,1.056364,33773.409091,178184.696364,109871.969091,0.018579,92432.206053,0.008481,0.006614,0.035325,0.021811
80,Ireland,2024,103.714545,96411.472727,5159819.618182,167.638364,490900.34,41771.618182,0.307273,34230.818182,186436.785455,114909.030909,0.018953,97426.199655,0.007697,0.006645,0.036791,0.022708
81,Ireland,2025,104.139091,98912.509091,5207682.809091,174.914182,517641.57,38698.672727,-0.441818,34688.227273,194688.874545,119946.092727,0.019327,102420.193257,0.006914,0.006676,0.038258,0.023605
82,Ireland,2026,104.563636,101413.545455,5255546.0,182.19,544382.8,35625.727273,-1.190909,35145.636364,202940.963636,124983.154545,0.019701,107414.18686,0.00613,0.006708,0.039725,0.024502
83,Ireland,2027,104.988182,103914.581818,5303409.190909,189.465818,571124.03,32552.781818,-1.94,35603.045455,211193.052727,130020.216364,0.020075,112408.180462,0.005346,0.006739,0.041192,0.0254
84,Italy,2022,105.321818,288740.509091,59828460.109091,94.021818,1801313.736364,186120.418182,5.756364,705395.527273,504308.709091,434482.943636,0.004822,30117.103157,0.003114,0.0118,0.008437,0.007268
85,Italy,2023,106.084545,284182.336364,59791386.672727,92.275455,1818917.086364,193435.472727,5.708182,716498.963636,516586.759091,441087.582727,0.004748,30429.461891,0.003238,0.011994,0.008647,0.007382
86,Italy,2024,106.847273,279624.163636,59754313.236364,90.529091,1836520.436364,200750.527273,5.66,727602.4,528864.809091,447692.221818,0.004674,30741.820625,0.003362,0.012187,0.008858,0.007497
87,Italy,2025,107.61,275065.990909,59717239.8,88.782727,1854123.786364,208065.581818,5.611818,738705.836364,541142.859091,454296.860909,0.0046,31054.179359,0.003486,0.01238,0.009069,0.007612
88,Italy,2026,108.372727,270507.818182,59680166.363636,87.036364,1871727.136364,215380.636364,5.563636,749809.272727,553420.909091,460901.5,0.004526,31366.538094,0.003611,0.012573,0.009279,0.007726
89,Italy,2027,109.135455,265949.645455,59643092.927273,85.29,1889330.486364,222695.690909,5.515455,760912.709091,565698.959091,467506.139091,0.004452,31678.896828,0.003735,0.012766,0.00949,0.007841
90,Lithuania,2022,114.273091,43794.709091,2732440.563636,155.201636,55401.290909,24851.763636,3.496364,43153.690909,32490.449091,34656.665455,0.015789,20039.878362,0.009244,0.015739,0.011776,0.012567
91,Lithuania,2023,115.975273,46526.736364,2707561.081818,162.182818,57730.509091,22584.936364,3.033636,43438.245455,33586.689091,35763.621818,0.016822,20970.977818,0.00857,0.015963,0.012234,0.013035
92,Lithuania,2024,117.677455,49258.763636,2682681.6,169.164,60059.727273,20318.109091,2.570909,43722.8,34682.929091,36870.578182,0.017855,21902.077273,0.007895,0.016187,0.012692,0.013503
93,Lithuania,2025,119.379636,51990.790909,2657802.118182,176.145182,62388.945455,18051.281818,2.108182,44007.354545,35779.169091,37977.534545,0.018888,22833.176729,0.00722,0.01641,0.013149,0.013971
94,Lithuania,2026,121.081818,54722.818182,2632922.636364,183.126364,64718.163636,15784.454545,1.645455,44291.909091,36875.409091,39084.490909,0.019921,23764.276185,0.006545,0.016634,0.013607,0.014439
95,Lithuania,2027,122.784,57454.845455,2608043.154545,190.107545,67047.381818,13517.627273,1.182727,44576.463636,37971.649091,40191.447273,0.020954,24695.37564,0.005871,0.016857,0.014065,0.014907
96,Luxembourg,2022,109.294,26141.709091,655926.945455,161.976182,71219.874545,16858.836364,4.034545,4600.854545,13451.870909,20591.074545,0.039945,109616.379061,0.02608,0.006997,0.020126,0.030947
97,Luxembourg,2023,110.547545,26644.372727,668348.709091,170.055091,73700.571818,17516.172727,4.091818,4681.754545,13322.800909,20599.276364,0.039975,111813.789985,0.026749,0.006983,0.019376,0.030188
98,Luxembourg,2024,111.801091,27147.036364,680770.472727,178.134,76181.269091,18173.509091,4.149091,4762.654545,13193.730909,20607.478182,0.040005,114011.200908,0.027417,0.006969,0.018625,0.02943
99,Luxembourg,2025,113.054636,27649.7,693192.236364,186.212909,78661.966364,18830.845455,4.206364,4843.554545,13064.660909,20615.68,0.040034,116208.611832,0.028085,0.006955,0.017875,0.028672
100,Luxembourg,2026,114.308182,28152.363636,705614.0,194.291818,81142.663636,19488.181818,4.263636,4924.454545,12935.590909,20623.881818,0.040064,118406.022756,0.028754,0.00694,0.017124,0.027914
101,Luxembourg,2027,115.561727,28655.027273,718035.763636,202.370727,83623.360909,20145.518182,4.320909,5005.354545,12806.520909,20632.083636,0.040093,120603.43368,0.029422,0.006926,0.016374,0.027156
102,Latvia,2022,111.573273,10584.909091,1861797.909091,159.481091,33696.22,9778.8,3.605455,30649.290909,16260.94,18951.18,0.005685,17916.236054,0.005448,0.016419,0.008653,0.010092
103,Latvia,2023,113.003818,10627.818182,1844738.409091,166.587182,34944.176364,8214.190909,3.065455,30900.990909,16899.589091,19626.473636,0.005755,18667.5322,0.00474,0.016679,0.009036,0.010504
104,Latvia,2024,114.434364,10670.727273,1827678.909091,173.693273,36192.132727,6649.581818,2.525455,31152.690909,17538.238182,20301.767273,0.005826,19418.828347,0.004032,0.016939,0.009418,0.010916
105,Latvia,2025,115.864909,10713.636364,1810619.409091,180.799364,37440.089091,5084.972727,1.985455,31404.390909,18176.887273,20977.060909,0.005896,20170.124494,0.003324,0.017199,0.0098,0.011328
106,Latvia,2026,117.295455,10756.545455,1793559.909091,187.905455,38688.045455,3520.363636,1.445455,31656.090909,18815.536364,21652.354545,0.005966,20921.42064,0.002616,0.01746,0.010182,0.01174
107,Latvia,2027,118.726,10799.454545,1776500.409091,195.011545,39936.001818,1955.754545,0.905455,31907.790909,19454.185455,22327.648182,0.006036,21672.716787,0.001908,0.01772,0.010564,0.012152
108,Malta,2022,108.755818,25612.981818,530704.327273,137.146,16072.827273,13127.4,2.161818,4077.090909,2453.316364,6166.598182,0.050451,31011.369779,0.025486,0.00766,0.004467,0.011663
109,Malta,2023,109.999818,27131.009091,542067.336364,141.944727,16941.377273,14047.981818,2.028182,4163.136364,2410.814545,6294.823636,0.053008,32319.093047,0.027058,0.007653,0.004226,0.011661
110,Malta,2024,111.243818,28649.036364,553430.345455,146.743455,17809.927273,14968.563636,1.894545,4249.181818,2368.312727,6423.049091,0.055565,33626.816315,0.028629,0.007647,0.003985,0.01166
111,Malta,2025,112.487818,30167.063636,564793.354545,151.542182,18678.477273,15889.145455,1.760909,4335.227273,2325.810909,6551.274545,0.058123,34934.539583,0.030201,0.00764,0.003745,0.011658
112,Malta,2026,113.731818,31685.090909,576156.363636,156.340909,19547.027273,16809.727273,1.627273,4421.272727,2283.309091,6679.5,0.06068,36242.26285,0.031772,0.007633,0.003504,0.011656
113,Malta,2027,114.975818,33203.118182,587519.372727,161.139636,20415.577273,17730.309091,1.493636,4507.318182,2240.807273,6807.725455,0.063237,37549.986118,0.033344,0.007627,0.003263,0.011655
114,Netherlands,2022,109.527455,227256.236364,17587746.436364,150.389636,859790.581818,107918.345455,3.098182,168982.0,676776.869091,603910.529091,0.01299,48990.77833,0.006133,0.009621,0.038572,0.034418
115,Netherlands,2023,110.845364,236623.245455,17674036.736364,155.992909,881482.981818,107683.827273,2.855455,172171.954545,696260.601818,621662.203636,0.013489,50041.02793,0.006088,0.009763,0.039543,0.035305
116,Netherlands,2024,112.163273,245990.254545,17760327.036364,161.596182,903175.381818,107449.309091,2.612727,175361.909091,715744.334545,639413.878182,0.013988,51091.27753,0.006042,0.009905,0.040513,0.036193
117,Netherlands,2025,113.481182,255357.263636,17846617.336364,167.199455,924867.781818,107214.790909,2.37,178551.863636,735228.067273,657165.552727,0.014487,52141.52713,0.005996,0.010047,0.041484,0.03708
118,Netherlands,2026,114.799091,264724.272727,17932907.636364,172.802727,946560.181818,106980.272727,2.127273,181741.818182,754711.8,674917.227273,0.014986,53191.77673,0.005951,0.010188,0.042455,0.037968
119,Netherlands,2027,116.117,274091.281818,18019197.936364,178.406,968252.581818,106745.754545,1.884545,184931.772727,774195.532727,692668.901818,0.015485,54242.02633,0.005905,0.01033,0.043425,0.038856
120,Poland,2022,110.427273,234299.472727,37833458.545455,136.504545,576323.707273,161505.509091,0.9,479562.963636,280189.945455,273148.72,0.006192,15227.865959,0.004274,0.012676,0.007402,0.007217
121,Poland,2023,111.727273,237812.172727,37810306.272727,140.622273,596444.600909,150035.745455,0.390909,490844.2,294164.422727,285669.003636,0.006288,15765.582244,0.003975,0.01298,0.007774,0.007551
122,Poland,2024,113.027273,241324.872727,37787154.0,144.74,616565.494545,138565.981818,-0.118182,502125.436364,308138.9,298189.287273,0.006384,16303.298529,0.003677,0.013284,0.008146,0.007884
123,Poland,2025,114.327273,244837.572727,37764001.727273,148.857727,636686.388182,127096.218182,-0.627273,513406.672727,322113.377273,310709.570909,0.00648,16841.014814,0.003378,0.013589,0.008517,0.008217
124,Poland,2026,115.627273,248350.272727,37740849.454545,152.975455,656807.281818,115626.454545,-1.136364,524687.909091,336087.854545,323229.854545,0.006576,17378.7311,0.00308,0.013893,0.008889,0.00855
125,Poland,2027,116.927273,251862.972727,37717697.181818,157.093182,676928.175455,104156.690909,-1.645455,535969.145455,350062.331818,335750.138182,0.006672,17916.447385,0.002782,0.014197,0.00926,0.008884
126,Portugal,2022,105.526545,68419.0,10231868.781818,162.244182,219155.521818,20764.527273,3.021818,122502.709091,63069.176364,81436.403636,0.006649,21378.473233,0.00205,0.011955,0.006148,0.007939
127,Portugal,2023,106.250818,73737.636364,10207731.972727,169.507455,224072.066364,17854.054545,2.334545,124377.918182,64895.598182,83946.48,0.007169,21893.388224,0.001778,0.01216,0.006335,0.008195
128,Portugal,2024,106.975091,79056.272727,10183595.163636,176.770727,228988.610909,14943.581818,1.647273,126253.127273,66722.02,86456.556364,0.007689,22408.303214,0.001507,0.012365,0.006521,0.008451
129,Portugal,2025,107.699364,84374.909091,10159458.354545,184.034,233905.155455,12033.109091,0.96,128128.336364,68548.441818,88966.632727,0.008209,22923.218205,0.001236,0.01257,0.006708,0.008707
130,Portugal,2026,108.423636,89693.545455,10135321.545455,191.297273,238821.7,9122.636364,0.272727,130003.545455,70374.863636,91476.709091,0.008729,23438.133195,0.000964,0.012775,0.006895,0.008963
131,Portugal,2027,109.147909,95012.181818,10111184.736364,198.560545,243738.244545,6212.163636,-0.414545,131878.754545,72201.285455,93986.785455,0.009248,23953.048186,0.000693,0.01298,0.007082,0.009219
132,Romania,2022,113.498,183144.418182,19063530.6,132.313818,246406.272727,231488.509091,2.62,303661.981818,74727.663636,96528.609091,0.009586,12853.589983,0.012094,0.0159,0.003899,0.005035
133,Romania,2023,115.364182,186888.518182,18961425.7,135.836273,257506.995455,236525.563636,2.417273,309556.827273,77503.590909,100839.736364,0.009821,13467.457285,0.012402,0.016274,0.004056,0.005274
134,Romania,2024,117.230364,190632.618182,18859320.8,139.358727,268607.718182,241562.618182,2.214545,315451.672727,80279.518182,105150.863636,0.010055,14081.324587,0.012711,0.016648,0.004212,0.005513
135,Romania,2025,119.096545,194376.718182,18757215.9,142.881182,279708.440909,246599.672727,2.011818,321346.518182,83055.445455,109461.990909,0.01029,14695.191889,0.013019,0.017022,0.004369,0.005751
136,Romania,2026,120.962727,198120.818182,18655111.0,146.403636,290809.163636,251636.727273,1.809091,327241.363636,85831.372727,113773.118182,0.010524,15309.059192,0.013327,0.017396,0.004525,0.00599
137,Romania,2027,122.828909,201864.918182,18553006.1,149.926091,301909.886364,256673.781818,1.606364,333136.209091,88607.3,118084.245455,0.010759,15922.926494,0.013635,0.01777,0.004682,0.006228
138,Sweden,2022,110.161636,113787.381818,10556482.054545,138.548182,519550.88,46551.745455,5.607273,93509.036364,147795.594545,148729.714545,0.010833,49325.715559,0.004382,0.008839,0.013989,0.014103
139,Sweden,2023,111.413727,112969.718182,10660313.927273,144.462727,528958.055455,46066.036364,5.619091,93849.209091,149905.975455,151351.151818,0.010644,49784.140296,0.004281,0.008777,0.014054,0.014224
140,Sweden,2024,112.665818,112152.054545,10764145.8,150.377273,538365.230909,45580.327273,5.630909,94189.381818,152016.356364,153972.589091,0.010455,50242.565033,0.004179,0.008714,0.01412,0.014345
141,Sweden,2025,113.917909,111334.390909,10867977.672727,156.291818,547772.406364,45094.618182,5.642727,94529.554545,154126.737273,156594.026364,0.010265,50700.98977,0.004078,0.008652,0.014185,0.014467
142,Sweden,2026,115.17,110516.727273,10971809.545455,162.206364,557179.581818,44608.909091,5.654545,94869.727273,156237.118182,159215.463636,0.010076,51159.414506,0.003976,0.008589,0.01425,0.014588
143,Sweden,2027,116.422091,109699.063636,11075641.418182,168.120909,566586.757273,44123.2,5.666364,95209.9,158347.499091,161836.900909,0.009887,51617.839243,0.003875,0.008527,0.014316,0.014709
144,Slovenia,2022,107.096727,32489.563636,2103744.872727,137.878727,51751.487273,18985.345455,2.578182,23113.327273,46113.356364,44340.009091,0.015484,24628.628984,0.009032,0.010991,0.021958,0.021106
145,Slovenia,2023,108.022091,34462.354545,2108919.427273,141.295636,53354.160909,19578.6,2.242727,23563.154545,48336.162727,46451.859091,0.016408,25348.386629,0.009299,0.011183,0.022987,0.022082
146,Slovenia,2024,108.947455,36435.145455,2114093.981818,144.712545,54956.834545,20171.854545,1.907273,24012.981818,50558.969091,48563.709091,0.017332,26068.144274,0.009565,0.011374,0.024015,0.023058
147,Slovenia,2025,109.872818,38407.936364,2119268.536364,148.129455,56559.508182,20765.109091,1.571818,24462.809091,52781.775455,50675.559091,0.018257,26787.901919,0.009831,0.011565,0.025044,0.024033
148,Slovenia,2026,110.798182,40380.727273,2124443.090909,151.546364,58162.181818,21358.363636,1.236364,24912.636364,55004.581818,52787.409091,0.019181,27507.659564,0.010097,0.011757,0.026073,0.025009
149,Slovenia,2027,111.723545,42353.518182,2129617.645455,154.963273,59764.855455,21951.618182,0.900909,25362.463636,57227.388182,54899.259091,0.020105,28227.417209,0.010364,0.011948,0.027101,0.025985
150,Slovakia,2022,110.120364,7374.436364,5465888.581818,151.021818,100736.538182,3635.054545,2.912727,63112.0,86739.934545,86240.574545,0.001351,18444.444075,0.000666,0.011552,0.015884,0.015793
151,Slovakia,2023,111.421636,7551.963636,5471736.254545,157.262273,103581.299091,3726.927273,2.311818,64419.409091,89329.455455,88992.699091,0.001382,18951.711346,0.000682,0.011782,0.016347,0.016286
152,Slovakia,2024,112.722909,7729.490909,5477583.927273,163.502727,106426.06,3818.8,1.710909,65726.818182,91918.976364,91744.823636,0.001414,19458.978617,0.000699,0.012012,0.01681,0.016779
153,Slovakia,2025,114.024182,7907.018182,5483431.6,169.743182,109270.820909,3910.672727,1.11,67034.227273,94508.497273,94496.948182,0.001445,19966.245888,0.000715,0.012241,0.017273,0.017272
154,Slovakia,2026,115.325455,8084.545455,5489279.272727,175.983636,112115.581818,4002.545455,0.509091,68341.636364,97098.018182,97249.072727,0.001477,20473.51316,0.000732,0.012471,0.017736,0.017765
155,Slovakia,2027,116.626727,8262.072727,5495126.945455,182.224091,114960.342727,4094.418182,-0.091818,69649.045455,99687.539091,100001.197273,0.001508,20980.780431,0.000748,0.0127,0.018199,0.018258
